,features,loop_1,loop_2,loop_3,loop_4,loop_5,loop_6,loop_7,loop_8,loop_9,loop_10,loop_11,loop_12,loop_13,loop_14,loop_15,loop_16,loop_17,loop_18,loop_19,loop_20,sum
258,a258,1,1,1,1,1,1,1,1,1,1,1,1,1,1,1,1,1,1,1,1,20
260,a260,1,1,1,1,1,1,1,1,1,1,1,1,1,1,1,1,1,1,1,1,20
261,a261,1,1,1,1,1,1,1,1,1,1,1,1,1,1,1,1,1,1,1,1,20
116,a116,1,1,1,1,1,1,1,1,1,1,1,1,1,1,1,1,1,1,1,1,20
259,a259,1,1,1,1,1,1,1,1,1,1,1,1,1,1,1,1,1,1,1,1,20
112,a112,1,1,1,1,1,1,1,1,1,0,1,1,1,1,1,1,1,1,1,1,19
257,a257,1,1,1,1,1,1,1,1,1,1,1,1,1,1,1,1,1,0,1,1,19
302,b27,1,1,1,1,1,1,1,1,1,1,1,1,1,1,0,1,1,1,1,1,19
296,b21,1,1,1,1,1,1,1,1,1,1,1,1,1,1,0,1,1,1,1,1,19
115,a115,1,1,1,1,1,0,1,1,1,1,1,1,1,1,1,1,1,0,1,1,18
122,a122,1,1,1,1,1,1,1,1,1,1,1,1,0,1,1,1,1,0,1,1,18
266,a266,1,1,1,1,1,1,1,1,1,1,1,1,0,1,1,1,1,0,1,1,18
120,a120,1,1,1,1,1,1,1,1,1,1,1,1,0,1,1,1,1,0,1,1,18
230,a230,1,1,1,1,1,0,1,1,0,1,1,1,1,0,1,1,1,1,1,1,17
256,a256,1,0,1,0,1,1,1,1,1,1,1,1,1,0,1,1,1,1,1,1,17
432,b157,1,1,1,1,1,1,1,1,0,1,1,1,1,1,0,1,1,1,1,0,17
167,a167,1,0,1,1,1,1,1,0,1,0,1,1,1,0,1,1,1,1,1,1,16
262,a262,0,1,1,1,1,1,1,1,1,0,1,1,1,1,1,1,1,0,1,0,16
265,a265,1,1,1,1,1,1,1,1,1,1,1,0,0,1,1,1,0,0,1,1,16
113,a113,1,1,1,1,1,0,1,1,0,0,1,1,1,0,1,1,1,1,1,0,15
114,a114,1,0,1,1,1,1,1,1,0,0,1,1,1,1,1,1,1,0,1,0,15
170,a170,1,1,0,1,1,1,0,1,0,0,1,1,0,1,1,1,1,1,0,1,14
429,b154,1,0,1,0,1,1,1,1,1,1,1,1,1,1,0,0,0,1,1,0,14
27,a27,1,1,0,1,1,1,1,0,1,0,1,0,0,1,1,1,1,0,0,1,13
117,a117,1,0,0,1,1,0,1,1,1,0,1,1,0,0,1,1,1,0,1,1,13
444,b169,1,1,1,1,1,0,1,0,0,1,1,1,1,1,0,0,1,1,0,0,13
263,a263,0,1,1,1,1,1,1,1,0,0,0,1,0,1,1,1,1,0,1,0,13
251,a251,1,0,1,0,0,0,1,0,1,0,1,1,1,0,1,1,1,1,0,1,12
379,b104,0,0,1,1,0,1,0,1,1,1,1,0,1,1,0,0,0,1,1,1,12
448,b173,1,1,0,0,1,1,1,1,0,1,1,0,1,0,0,0,1,1,0,0,11
264,a264,1,0,1,0,1,0,1,1,1,1,1,0,0,0,1,1,0,0,0,1,11
437,b162,1,1,1,0,1,0,1,0,0,1,0,1,1,0,0,1,1,1,0,0,11
121,a121,1,0,0,0,0,0,0,0,1,1,0,1,1,1,1,1,1,0,1,0,10
268,a268,1,0,1,1,1,0,0,1,1,1,1,0,0,0,1,0,0,0,0,1,10
108,a108,1,0,0,1,0,0,1,1,0,0,1,1,1,0,0,1,0,1,1,0,10
255,a255,0,0,1,1,0,0,1,1,0,0,0,1,1,1,0,1,1,0,1,0,10
435,b160,1,0,1,0,0,1,0,1,0,1,0,1,1,1,0,0,1,1,0,0,10
449,b174,1,0,1,0,1,1,1,1,0,1,1,1,0,0,0,0,0,1,0,0,10
290,b15,0,0,1,0,1,1,0,1,1,0,0,1,1,0,0,0,0,1,1,1,10
297,b22,1,0,0,0,1,1,0,0,1,1,0,1,1,0,0,0,1,1,0,0,9
253,a253,0,1,1,1,0,0,1,0,0,0,0,1,1,0,1,1,1,0,0,0,9
119,a119,0,1,0,1,0,0,1,0,0,1,1,0,0,0,1,1,1,0,1,0,9
35,a35,1,0,0,1,1,0,1,0,0,0,1,0,0,1,1,1,1,0,0,0,9
305,b30,0,0,1,0,1,0,1,0,0,1,0,1,0,0,0,0,1,1,0,1,8
31,a31,0,1,0,0,1,1,1,0,0,0,0,0,0,0,1,1,1,0,0,1,8
295,b20,0,0,1,0,0,1,0,1,1,1,0,1,1,0,0,0,0,1,0,0,8
487,b212,0,0,1,1,0,1,0,1,1,1,0,0,1,0,0,0,0,0,0,1,8
357,b82,0,1,0,0,0,1,1,0,1,0,0,0,0,1,0,0,0,1,1,1,8
231,a231,1,1,0,0,0,0,1,0,1,0,1,0,0,0,0,1,0,1,0,1,8
501,b226,0,1,1,0,0,1,0,1,1,0,0,0,0,1,0,0,0,0,1,1,8
368,b93,0,1,0,0,0,1,0,1,0,0,0,1,0,1,0,0,0,1,0,1,7
127,a127,1,0,0,1,1,0,0,1,1,0,0,0,0,1,0,0,0,0,0,1,7
311,b36,0,0,1,0,0,1,0,1,0,1,0,0,1,0,0,0,0,1,0,1,7
499,b224,1,1,0,1,0,0,0,0,1,1,0,0,1,1,0,0,0,0,0,0,7
254,a254,1,0,1,0,0,0,0,0,0,0,1,0,0,0,1,1,0,0,0,1,6
440,b165,0,0,0,1,1,0,0,0,1,1,0,0,0,1,0,0,1,0,0,0,6
131,a131,0,0,0,1,1,0,0,1,1,0,0,0,0,0,1,0,0,0,0,1,6
124,a124,0,0,0,1,0,0,0,1,1,0,0,0,0,1,1,0,0,0,0,1,6
489,b214,0,0,1,1,0,1,0,1,1,0,0,0,0,1,0,0,0,0,0,0,6
168,a168,0,0,0,1,0,0,1,0,0,0,1,0,0,0,0,0,1,1,0,1,6
431,b156,1,0,0,0,1,0,0,0,0,1,0,1,1,0,0,0,0,1,0,0,6
316,b41,1,0,0,0,0,1,1,0,0,0,0,1,0,0,0,0,1,1,0,0,6
50,a50,0,0,0,1,1,0,1,0,0,0,0,0,0,0,1,1,1,0,0,0,6
299,b24,0,1,0,0,1,0,1,0,1,0,0,0,0,1,0,0,0,0,1,0,6
315,b40,0,0,0,0,0,1,0,1,1,1,0,0,0,0,0,0,0,0,1,0,5
533,b258,0,0,0,0,0,1,0,0,1,0,0,0,0,1,0,0,0,0,1,1,5
161,a161,1,0,0,0,0,1,1,0,0,0,1,0,0,0,0,0,0,1,0,0,5
483,b208,1,0,0,0,0,0,0,0,1,1,0,0,1,0,0,0,0,0,0,1,5
433,b158,0,0,1,0,0,1,0,0,0,0,0,0,1,0,0,0,0,1,1,0,5
49,a49,0,0,0,1,0,0,1,0,0,0,0,0,0,0,1,1,1,0,0,0,5
513,b238,0,0,0,0,0,1,0,0,1,0,0,0,0,1,0,0,0,0,1,1,5
245,a245,1,0,0,0,0,0,0,0,1,0,1,1,0,0,0,0,0,0,0,1,5
443,b168,1,0,0,0,0,0,0,0,0,0,0,1,1,0,0,0,0,1,0,1,5
500,b225,0,1,1,0,0,0,0,1,0,0,0,0,0,1,0,0,0,0,0,1,5
227,a227,0,1,0,0,1,0,0,0,0,0,0,0,0,0,1,1,0,0,0,0,4
428,b153,1,0,0,0,0,0,0,0,0,1,0,0,0,0,0,0,0,1,1,0,4
366,b91,0,0,0,0,0,1,0,0,1,1,0,0,0,1,0,0,0,0,0,0,4
252,a252,0,0,0,0,0,0,0,0,0,0,1,1,0,0,1,1,0,0,0,0,4
482,b207,0,0,1,0,0,0,0,0,0,1,0,0,1,0,0,0,0,0,1,0,4
32,a32,0,0,0,0,0,1,1,0,0,0,0,0,0,0,0,1,1,0,0,0,4
438,b163,0,0,0,0,0,1,0,0,0,1,0,0,0,1,0,0,0,1,0,0,4
178,a178,0,0,0,1,1,0,0,1,0,0,0,0,0,0,1,0,0,0,0,0,4
430,b155,0,1,0,0,1,0,0,0,0,1,0,0,0,0,0,0,1,0,0,0,4
514,b239,0,0,0,0,0,0,0,0,1,0,0,0,0,1,0,0,0,0,1,1,4
111,a111,0,0,0,0,0,0,0,1,0,0,0,1,1,0,0,0,0,0,0,0,3
314,b39,0,0,0,0,0,0,0,0,0,1,0,0,1,0,0,0,0,1,0,0,3
301,b26,0,0,1,0,0,0,0,0,0,0,1,0,0,0,0,0,0,1,0,0,3
436,b161,0,0,0,0,0,0,0,1,0,1,0,0,0,0,0,1,0,0,0,0,3
512,b237,0,0,0,0,0,0,0,0,0,0,0,0,1,1,0,0,0,1,0,0,3
105,a105,0,0,0,0,0,0,1,1,0,0,1,0,0,0,0,0,0,0,0,0,3
344,b69,0,1,0,0,0,0,0,0,0,0,0,0,0,1,0,0,0,0,1,0,3
45,a45,0,0,0,0,1,0,1,0,0,0,0,0,0,0,1,0,0,0,0,0,3
445,b170,0,0,0,0,0,1,0,0,0,0,0,1,1,0,0,0,0,0,0,0,3
363,b88,0,1,1,0,0,0,0,0,0,0,0,0,0,0,0,1,0,0,0,0,3
525,b250,0,0,0,0,0,0,0,0,1,0,0,0,0,0,0,0,0,0,1,1,3
164,a164,0,1,0,0,0,0,0,0,0,0,0,1,0,0,0,0,0,0,1,0,3
504,b229,0,0,0,0,0,1,0,0,0,0,0,0,1,1,0,0,0,0,0,0,3
250,a250,0,1,0,0,0,0,0,0,0,0,0,1,0,0,0,0,1,0,0,0,3
356,b81,1,0,0,0,0,0,0,0,0,0,0,0,1,0,0,0,0,0,0,1,3
169,a169,0,1,0,0,0,1,0,1,0,0,0,0,0,0,0,0,0,0,0,0,3
427,b152,1,0,0,0,0,0,0,0,0,0,0,1,0,0,0,0,0,1,0,0,3
484,b209,0,1,0,0,0,0,0,0,0,0,0,0,1,0,0,1,0,0,0,0,3
118,a118,0,0,0,0,0,0,0,1,0,0,0,0,0,0,0,0,0,0,0,1,2
43,a43,0,0,0,0,0,0,0,0,0,0,0,0,0,0,1,1,0,0,0,0,2
439,b164,0,0,0,0,0,0,0,0,0,1,0,0,0,0,0,0,1,0,0,0,2
518,b243,0,0,0,0,0,0,0,0,0,0,0,0,0,0,0,0,0,0,1,1,2
197,a197,0,0,0,1,0,0,0,0,0,0,0,0,0,0,1,0,0,0,0,0,2
232,a232,0,0,0,0,0,0,0,0,0,0,1,0,0,0,0,0,0,1,0,0,2
228,a228,0,0,0,0,0,0,0,0,0,0,1,0,0,0,1,0,0,0,0,0,2
310,b35,0,0,0,0,0,0,0,0,0,1,0,0,0,0,0,0,0,1,0,0,2
398,b123,0,0,0,0,0,0,0,0,0,0,0,0,0,1,0,0,0,0,1,0,2
239,a239,0,0,0,0,0,0,0,0,0,0,1,0,0,0,1,0,0,0,0,0,2
208,a208,0,0,0,1,0,0,0,0,0,0,0,0,0,0,1,0,0,0,0,0,2
446,b171,0,0,0,0,0,0,0,0,0,1,0,0,1,0,0,0,0,0,0,0,2
454,b179,0,1,0,0,0,0,0,0,0,0,0,0,0,0,0,1,0,0,0,0,2
309,b34,0,0,1,0,0,0,0,0,0,0,0,0,0,0,0,0,0,1,0,0,2
54,a54,0,0,0,1,0,0,0,0,0,0,0,0,0,0,1,0,0,0,0,0,2
292,b17,0,0,0,0,0,0,0,0,0,1,0,0,0,0,0,0,0,1,0,0,2
242,a242,0,0,1,0,0,0,0,0,0,0,0,1,0,0,0,0,0,0,0,0,2
479,b204,0,1,0,0,0,0,0,0,0,0,0,0,0,0,0,0,0,0,1,0,2
488,b213,0,0,0,0,0,0,0,0,0,0,0,0,1,0,0,0,0,1,0,0,2
511,b236,0,0,0,0,0,0,0,0,1,0,0,0,0,0,0,0,0,0,0,1,2
434,b159,0,0,0,0,0,0,0,0,0,1,1,0,0,0,0,0,0,0,0,0,2
155,a155,0,0,0,0,0,0,0,0,1,0,0,0,0,0,0,0,0,0,0,0,1
308,b33,0,0,0,0,0,0,0,0,0,0,0,0,0,0,0,0,0,1,0,0,1
391,b116,0,0,0,0,0,0,0,0,0,0,0,0,0,1,0,0,0,0,0,0,1
447,b172,0,0,0,0,0,0,0,0,0,0,0,0,0,0,0,0,1,0,0,0,1
160,a160,0,0,0,0,0,0,0,0,1,0,0,0,0,0,0,0,0,0,0,0,1
424,b149,0,0,0,0,0,0,0,0,0,0,0,1,0,0,0,0,0,0,0,0,1
157,a157,0,0,0,0,0,0,0,0,0,0,0,0,0,0,0,0,0,1,0,0,1
229,a229,0,0,0,0,1,0,0,0,0,0,0,0,0,0,0,0,0,0,0,0,1
237,a237,0,1,0,0,0,0,0,0,0,0,0,0,0,0,0,0,0,0,0,0,1
369,b94,0,0,0,0,0,0,0,0,0,0,0,0,0,0,0,0,0,0,1,0,1
233,a233,0,1,0,0,0,0,0,0,0,0,0,0,0,0,0,0,0,0,0,0,1
441,b166,0,0,0,0,0,0,0,0,0,1,0,0,0,0,0,0,0,0,0,0,1
372,b97,0,0,0,0,0,0,0,0,0,0,0,0,0,0,0,0,0,0,1,0,1
234,a234,0,0,0,0,0,0,0,0,0,0,1,0,0,0,0,0,0,0,0,0,1
184,a184,0,0,0,0,0,0,0,0,0,0,0,0,0,0,1,0,0,0,0,0,1
236,a236,0,0,0,0,0,0,0,0,0,0,1,0,0,0,0,0,0,0,0,0,1
165,a165,0,1,0,0,0,0,0,0,0,0,0,0,0,0,0,0,0,0,0,0,1
341,b66,0,0,0,0,0,0,0,0,0,0,0,0,0,0,0,0,0,0,1,0,1
486,b211,0,0,0,0,0,0,0,0,0,0,0,0,0,0,0,1,0,0,0,0,1
365,b90,0,0,0,0,0,1,0,0,0,0,0,0,0,0,0,0,0,0,0,0,1
478,b203,0,1,0,0,0,0,0,0,0,0,0,0,0,0,0,0,0,0,0,0,1
354,b79,0,0,0,0,0,0,0,0,0,0,0,0,1,0,0,0,0,0,0,0,1
481,b206,0,1,0,0,0,0,0,0,0,0,0,0,0,0,0,0,0,0,0,0,1
88,a88,0,0,0,0,0,0,1,0,0,0,0,0,0,0,0,0,0,0,0,0,1
485,b210,0,0,0,0,0,0,0,0,0,0,0,0,0,1,0,0,0,0,0,0,1
23,a23,0,0,0,0,0,1,0,0,0,0,0,0,0,0,0,0,0,0,0,0,1
55,a55,0,0,0,0,0,0,0,0,0,0,0,0,0,0,0,0,1,0,0,0,1
57,a57,0,0,0,1,0,0,0,0,0,0,0,0,0,0,0,0,0,0,0,0,1
490,b215,1,0,0,0,0,0,0,0,0,0,0,0,0,0,0,0,0,0,0,0,1
76,a76,0,0,0,0,0,0,0,0,0,0,0,0,0,0,1,0,0,0,0,0,1
287,b12,0,0,0,0,1,0,0,0,0,0,0,0,0,0,0,0,0,0,0,0,1
496,b221,0,0,0,0,0,0,0,0,0,0,0,0,1,0,0,0,0,0,0,0,1
70,a70,0,0,0,1,0,0,0,0,0,0,0,0,0,0,0,0,0,0,0,0,1
58,a58,0,0,0,1,0,0,0,0,0,0,0,0,0,0,0,0,0,0,0,0,1
67,a67,0,0,0,1,0,0,0,0,0,0,0,0,0,0,0,0,0,0,0,0,1
364,b89,0,1,0,0,0,0,0,0,0,0,0,0,0,0,0,0,0,0,0,0,1
216,a216,0,0,0,0,0,0,0,0,0,0,0,0,0,0,1,0,0,0,0,0,1
106,a106,0,0,0,0,0,0,0,0,0,0,1,0,0,0,0,0,0,0,0,0,1
109,a109,0,0,0,0,0,0,0,0,0,0,0,0,0,0,0,1,0,0,0,0,1
37,a37,0,0,0,0,0,0,0,0,0,0,0,0,0,0,0,0,1,0,0,0,1
343,b68,0,0,1,0,0,0,0,0,0,0,0,0,0,0,0,0,0,0,0,0,1
125,a125,0,0,0,0,0,0,0,0,0,0,0,0,0,0,1,0,0,0,0,0,1
28,a28,0,0,0,0,0,0,0,0,0,0,0,0,0,0,0,1,0,0,0,0,1
298,b23,0,0,0,0,0,0,0,0,0,0,0,0,0,0,0,0,0,0,1,0,1
516,b241,0,0,0,0,0,0,0,0,0,0,0,0,0,1,0,0,0,0,0,0,1
456,b181,0,0,1,0,0,0,0,0,0,0,0,0,0,0,0,0,0,0,0,0,1
509,b234,0,0,0,0,0,0,0,0,0,0,0,0,0,1,0,0,0,0,0,0,1
342,b67,0,0,0,0,0,0,0,0,0,0,0,0,0,0,0,0,1,0,0,0,1
48,a48,0,0,0,0,0,0,0,0,0,0,0,0,0,0,1,0,0,0,0,0,1
38,a38,0,0,0,0,1,0,0,0,0,0,0,0,0,0,0,0,0,0,0,0,1
329,b54,0,0,0,0,0,0,0,0,0,0,0,0,0,0,0,0,0,0,0,0,0
351,b76,0,0,0,0,0,0,0,0,0,0,0,0,0,0,0,0,0,0,0,0,0
350,b75,0,0,0,0,0,0,0,0,0,0,0,0,0,0,0,0,0,0,0,0,0
378,b103,0,0,0,0,0,0,0,0,0,0,0,0,0,0,0,0,0,0,0,0,0
386,b111,0,0,0,0,0,0,0,0,0,0,0,0,0,0,0,0,0,0,0,0,0
385,b110,0,0,0,0,0,0,0,0,0,0,0,0,0,0,0,0,0,0,0,0,0
349,b74,0,0,0,0,0,0,0,0,0,0,0,0,0,0,0,0,0,0,0,0,0
347,b72,0,0,0,0,0,0,0,0,0,0,0,0,0,0,0,0,0,0,0,0,0
384,b109,0,0,0,0,0,0,0,0,0,0,0,0,0,0,0,0,0,0,0,0,0
345,b70,0,0,0,0,0,0,0,0,0,0,0,0,0,0,0,0,0,0,0,0,0
330,b55,0,0,0,0,0,0,0,0,0,0,0,0,0,0,0,0,0,0,0,0,0
383,b108,0,0,0,0,0,0,0,0,0,0,0,0,0,0,0,0,0,0,0,0,0
382,b107,0,0,0,0,0,0,0,0,0,0,0,0,0,0,0,0,0,0,0,0,0
348,b73,0,0,0,0,0,0,0,0,0,0,0,0,0,0,0,0,0,0,0,0,0
381,b106,0,0,0,0,0,0,0,0,0,0,0,0,0,0,0,0,0,0,0,0,0
377,b102,0,0,0,0,0,0,0,0,0,0,0,0,0,0,0,0,0,0,0,0,0
346,b71,0,0,0,0,0,0,0,0,0,0,0,0,0,0,0,0,0,0,0,0,0
380,b105,0,0,0,0,0,0,0,0,0,0,0,0,0,0,0,0,0,0,0,0,0
331,b56,0,0,0,0,0,0,0,0,0,0,0,0,0,0,0,0,0,0,0,0,0
352,b77,0,0,0,0,0,0,0,0,0,0,0,0,0,0,0,0,0,0,0,0,0
376,b101,0,0,0,0,0,0,0,0,0,0,0,0,0,0,0,0,0,0,0,0,0
375,b100,0,0,0,0,0,0,0,0,0,0,0,0,0,0,0,0,0,0,0,0,0
362,b87,0,0,0,0,0,0,0,0,0,0,0,0,0,0,0,0,0,0,0,0,0
361,b86,0,0,0,0,0,0,0,0,0,0,0,0,0,0,0,0,0,0,0,0,0
360,b85,0,0,0,0,0,0,0,0,0,0,0,0,0,0,0,0,0,0,0,0,0
359,b84,0,0,0,0,0,0,0,0,0,0,0,0,0,0,0,0,0,0,0,0,0
358,b83,0,0,0,0,0,0,0,0,0,0,0,0,0,0,0,0,0,0,0,0,0
337,b62,0,0,0,0,0,0,0,0,0,0,0,0,0,0,0,0,0,0,0,0,0
336,b61,0,0,0,0,0,0,0,0,0,0,0,0,0,0,0,0,0,0,0,0,0
355,b80,0,0,0,0,0,0,0,0,0,0,0,0,0,0,0,0,0,0,0,0,0
335,b60,0,0,0,0,0,0,0,0,0,0,0,0,0,0,0,0,0,0,0,0,0
334,b59,0,0,0,0,0,0,0,0,0,0,0,0,0,0,0,0,0,0,0,0,0
387,b112,0,0,0,0,0,0,0,0,0,0,0,0,0,0,0,0,0,0,0,0,0
333,b58,0,0,0,0,0,0,0,0,0,0,0,0,0,0,0,0,0,0,0,0,0
332,b57,0,0,0,0,0,0,0,0,0,0,0,0,0,0,0,0,0,0,0,0,0
338,b63,0,0,0,0,0,0,0,0,0,0,0,0,0,0,0,0,0,0,0,0,0
370,b95,0,0,0,0,0,0,0,0,0,0,0,0,0,0,0,0,0,0,0,0,0
371,b96,0,0,0,0,0,0,0,0,0,0,0,0,0,0,0,0,0,0,0,0,0
339,b64,0,0,0,0,0,0,0,0,0,0,0,0,0,0,0,0,0,0,0,0,0
353,b78,0,0,0,0,0,0,0,0,0,0,0,0,0,0,0,0,0,0,0,0,0
373,b98,0,0,0,0,0,0,0,0,0,0,0,0,0,0,0,0,0,0,0,0,0
374,b99,0,0,0,0,0,0,0,0,0,0,0,0,0,0,0,0,0,0,0,0,0
367,b92,0,0,0,0,0,0,0,0,0,0,0,0,0,0,0,0,0,0,0,0,0
340,b65,0,0,0,0,0,0,0,0,0,0,0,0,0,0,0,0,0,0,0,0,0
0,Times,0,0,0,0,0,0,0,0,0,0,0,0,0,0,0,0,0,0,0,0,0
388,b113,0,0,0,0,0,0,0,0,0,0,0,0,0,0,0,0,0,0,0,0,0
495,b220,0,0,0,0,0,0,0,0,0,0,0,0,0,0,0,0,0,0,0,0,0
517,b242,0,0,0,0,0,0,0,0,0,0,0,0,0,0,0,0,0,0,0,0,0
515,b240,0,0,0,0,0,0,0,0,0,0,0,0,0,0,0,0,0,0,0,0,0
510,b235,0,0,0,0,0,0,0,0,0,0,0,0,0,0,0,0,0,0,0,0,0
508,b233,0,0,0,0,0,0,0,0,0,0,0,0,0,0,0,0,0,0,0,0,0
507,b232,0,0,0,0,0,0,0,0,0,0,0,0,0,0,0,0,0,0,0,0,0
506,b231,0,0,0,0,0,0,0,0,0,0,0,0,0,0,0,0,0,0,0,0,0
505,b230,0,0,0,0,0,0,0,0,0,0,0,0,0,0,0,0,0,0,0,0,0
503,b228,0,0,0,0,0,0,0,0,0,0,0,0,0,0,0,0,0,0,0,0,0
502,b227,0,0,0,0,0,0,0,0,0,0,0,0,0,0,0,0,0,0,0,0,0
498,b223,0,0,0,0,0,0,0,0,0,0,0,0,0,0,0,0,0,0,0,0,0
497,b222,0,0,0,0,0,0,0,0,0,0,0,0,0,0,0,0,0,0,0,0,0
494,b219,0,0,0,0,0,0,0,0,0,0,0,0,0,0,0,0,0,0,0,0,0
469,b194,0,0,0,0,0,0,0,0,0,0,0,0,0,0,0,0,0,0,0,0,0
493,b218,0,0,0,0,0,0,0,0,0,0,0,0,0,0,0,0,0,0,0,0,0
492,b217,0,0,0,0,0,0,0,0,0,0,0,0,0,0,0,0,0,0,0,0,0
491,b216,0,0,0,0,0,0,0,0,0,0,0,0,0,0,0,0,0,0,0,0,0
480,b205,0,0,0,0,0,0,0,0,0,0,0,0,0,0,0,0,0,0,0,0,0
477,b202,0,0,0,0,0,0,0,0,0,0,0,0,0,0,0,0,0,0,0,0,0
476,b201,0,0,0,0,0,0,0,0,0,0,0,0,0,0,0,0,0,0,0,0,0
475,b200,0,0,0,0,0,0,0,0,0,0,0,0,0,0,0,0,0,0,0,0,0
474,b199,0,0,0,0,0,0,0,0,0,0,0,0,0,0,0,0,0,0,0,0,0
473,b198,0,0,0,0,0,0,0,0,0,0,0,0,0,0,0,0,0,0,0,0,0
472,b197,0,0,0,0,0,0,0,0,0,0,0,0,0,0,0,0,0,0,0,0,0
471,b196,0,0,0,0,0,0,0,0,0,0,0,0,0,0,0,0,0,0,0,0,0
519,b244,0,0,0,0,0,0,0,0,0,0,0,0,0,0,0,0,0,0,0,0,0
520,b245,0,0,0,0,0,0,0,0,0,0,0,0,0,0,0,0,0,0,0,0,0
521,b246,0,0,0,0,0,0,0,0,0,0,0,0,0,0,0,0,0,0,0,0,0
522,b247,0,0,0,0,0,0,0,0,0,0,0,0,0,0,0,0,0,0,0,0,0
547,b272,0,0,0,0,0,0,0,0,0,0,0,0,0,0,0,0,0,0,0,0,0
546,b271,0,0,0,0,0,0,0,0,0,0,0,0,0,0,0,0,0,0,0,0,0
545,b270,0,0,0,0,0,0,0,0,0,0,0,0,0,0,0,0,0,0,0,0,0
544,b269,0,0,0,0,0,0,0,0,0,0,0,0,0,0,0,0,0,0,0,0,0
543,b268,0,0,0,0,0,0,0,0,0,0,0,0,0,0,0,0,0,0,0,0,0
542,b267,0,0,0,0,0,0,0,0,0,0,0,0,0,0,0,0,0,0,0,0,0
541,b266,0,0,0,0,0,0,0,0,0,0,0,0,0,0,0,0,0,0,0,0,0
540,b265,0,0,0,0,0,0,0,0,0,0,0,0,0,0,0,0,0,0,0,0,0
539,b264,0,0,0,0,0,0,0,0,0,0,0,0,0,0,0,0,0,0,0,0,0
538,b263,0,0,0,0,0,0,0,0,0,0,0,0,0,0,0,0,0,0,0,0,0
537,b262,0,0,0,0,0,0,0,0,0,0,0,0,0,0,0,0,0,0,0,0,0
536,b261,0,0,0,0,0,0,0,0,0,0,0,0,0,0,0,0,0,0,0,0,0
535,b260,0,0,0,0,0,0,0,0,0,0,0,0,0,0,0,0,0,0,0,0,0
534,b259,0,0,0,0,0,0,0,0,0,0,0,0,0,0,0,0,0,0,0,0,0
532,b257,0,0,0,0,0,0,0,0,0,0,0,0,0,0,0,0,0,0,0,0,0
531,b256,0,0,0,0,0,0,0,0,0,0,0,0,0,0,0,0,0,0,0,0,0
530,b255,0,0,0,0,0,0,0,0,0,0,0,0,0,0,0,0,0,0,0,0,0
529,b254,0,0,0,0,0,0,0,0,0,0,0,0,0,0,0,0,0,0,0,0,0
528,b253,0,0,0,0,0,0,0,0,0,0,0,0,0,0,0,0,0,0,0,0,0
527,b252,0,0,0,0,0,0,0,0,0,0,0,0,0,0,0,0,0,0,0,0,0
526,b251,0,0,0,0,0,0,0,0,0,0,0,0,0,0,0,0,0,0,0,0,0
524,b249,0,0,0,0,0,0,0,0,0,0,0,0,0,0,0,0,0,0,0,0,0
523,b248,0,0,0,0,0,0,0,0,0,0,0,0,0,0,0,0,0,0,0,0,0
470,b195,0,0,0,0,0,0,0,0,0,0,0,0,0,0,0,0,0,0,0,0,0
468,b193,0,0,0,0,0,0,0,0,0,0,0,0,0,0,0,0,0,0,0,0,0
389,b114,0,0,0,0,0,0,0,0,0,0,0,0,0,0,0,0,0,0,0,0,0
404,b129,0,0,0,0,0,0,0,0,0,0,0,0,0,0,0,0,0,0,0,0,0
415,b140,0,0,0,0,0,0,0,0,0,0,0,0,0,0,0,0,0,0,0,0,0
414,b139,0,0,0,0,0,0,0,0,0,0,0,0,0,0,0,0,0,0,0,0,0
413,b138,0,0,0,0,0,0,0,0,0,0,0,0,0,0,0,0,0,0,0,0,0
412,b137,0,0,0,0,0,0,0,0,0,0,0,0,0,0,0,0,0,0,0,0,0
411,b136,0,0,0,0,0,0,0,0,0,0,0,0,0,0,0,0,0,0,0,0,0
410,b135,0,0,0,0,0,0,0,0,0,0,0,0,0,0,0,0,0,0,0,0,0
409,b134,0,0,0,0,0,0,0,0,0,0,0,0,0,0,0,0,0,0,0,0,0
408,b133,0,0,0,0,0,0,0,0,0,0,0,0,0,0,0,0,0,0,0,0,0
407,b132,0,0,0,0,0,0,0,0,0,0,0,0,0,0,0,0,0,0,0,0,0
406,b131,0,0,0,0,0,0,0,0,0,0,0,0,0,0,0,0,0,0,0,0,0
405,b130,0,0,0,0,0,0,0,0,0,0,0,0,0,0,0,0,0,0,0,0,0
403,b128,0,0,0,0,0,0,0,0,0,0,0,0,0,0,0,0,0,0,0,0,0
467,b192,0,0,0,0,0,0,0,0,0,0,0,0,0,0,0,0,0,0,0,0,0
402,b127,0,0,0,0,0,0,0,0,0,0,0,0,0,0,0,0,0,0,0,0,0
401,b126,0,0,0,0,0,0,0,0,0,0,0,0,0,0,0,0,0,0,0,0,0
400,b125,0,0,0,0,0,0,0,0,0,0,0,0,0,0,0,0,0,0,0,0,0
399,b124,0,0,0,0,0,0,0,0,0,0,0,0,0,0,0,0,0,0,0,0,0
397,b122,0,0,0,0,0,0,0,0,0,0,0,0,0,0,0,0,0,0,0,0,0
396,b121,0,0,0,0,0,0,0,0,0,0,0,0,0,0,0,0,0,0,0,0,0
395,b120,0,0,0,0,0,0,0,0,0,0,0,0,0,0,0,0,0,0,0,0,0
394,b119,0,0,0,0,0,0,0,0,0,0,0,0,0,0,0,0,0,0,0,0,0
393,b118,0,0,0,0,0,0,0,0,0,0,0,0,0,0,0,0,0,0,0,0,0
392,b117,0,0,0,0,0,0,0,0,0,0,0,0,0,0,0,0,0,0,0,0,0
390,b115,0,0,0,0,0,0,0,0,0,0,0,0,0,0,0,0,0,0,0,0,0
416,b141,0,0,0,0,0,0,0,0,0,0,0,0,0,0,0,0,0,0,0,0,0
417,b142,0,0,0,0,0,0,0,0,0,0,0,0,0,0,0,0,0,0,0,0,0
418,b143,0,0,0,0,0,0,0,0,0,0,0,0,0,0,0,0,0,0,0,0,0
419,b144,0,0,0,0,0,0,0,0,0,0,0,0,0,0,0,0,0,0,0,0,0
466,b191,0,0,0,0,0,0,0,0,0,0,0,0,0,0,0,0,0,0,0,0,0
465,b190,0,0,0,0,0,0,0,0,0,0,0,0,0,0,0,0,0,0,0,0,0
464,b189,0,0,0,0,0,0,0,0,0,0,0,0,0,0,0,0,0,0,0,0,0
463,b188,0,0,0,0,0,0,0,0,0,0,0,0,0,0,0,0,0,0,0,0,0
462,b187,0,0,0,0,0,0,0,0,0,0,0,0,0,0,0,0,0,0,0,0,0
461,b186,0,0,0,0,0,0,0,0,0,0,0,0,0,0,0,0,0,0,0,0,0
460,b185,0,0,0,0,0,0,0,0,0,0,0,0,0,0,0,0,0,0,0,0,0
459,b184,0,0,0,0,0,0,0,0,0,0,0,0,0,0,0,0,0,0,0,0,0
458,b183,0,0,0,0,0,0,0,0,0,0,0,0,0,0,0,0,0,0,0,0,0
457,b182,0,0,0,0,0,0,0,0,0,0,0,0,0,0,0,0,0,0,0,0,0
455,b180,0,0,0,0,0,0,0,0,0,0,0,0,0,0,0,0,0,0,0,0,0
453,b178,0,0,0,0,0,0,0,0,0,0,0,0,0,0,0,0,0,0,0,0,0
452,b177,0,0,0,0,0,0,0,0,0,0,0,0,0,0,0,0,0,0,0,0,0
451,b176,0,0,0,0,0,0,0,0,0,0,0,0,0,0,0,0,0,0,0,0,0
450,b175,0,0,0,0,0,0,0,0,0,0,0,0,0,0,0,0,0,0,0,0,0
442,b167,0,0,0,0,0,0,0,0,0,0,0,0,0,0,0,0,0,0,0,0,0
327,b52,0,0,0,0,0,0,0,0,0,0,0,0,0,0,0,0,0,0,0,0,0
426,b151,0,0,0,0,0,0,0,0,0,0,0,0,0,0,0,0,0,0,0,0,0
425,b150,0,0,0,0,0,0,0,0,0,0,0,0,0,0,0,0,0,0,0,0,0
423,b148,0,0,0,0,0,0,0,0,0,0,0,0,0,0,0,0,0,0,0,0,0
422,b147,0,0,0,0,0,0,0,0,0,0,0,0,0,0,0,0,0,0,0,0,0
421,b146,0,0,0,0,0,0,0,0,0,0,0,0,0,0,0,0,0,0,0,0,0
420,b145,0,0,0,0,0,0,0,0,0,0,0,0,0,0,0,0,0,0,0,0,0
328,b53,0,0,0,0,0,0,0,0,0,0,0,0,0,0,0,0,0,0,0,0,0
274,a274,0,0,0,0,0,0,0,0,0,0,0,0,0,0,0,0,0,0,0,0,0
326,b51,0,0,0,0,0,0,0,0,0,0,0,0,0,0,0,0,0,0,0,0,0
90,a90,0,0,0,0,0,0,0,0,0,0,0,0,0,0,0,0,0,0,0,0,0
101,a101,0,0,0,0,0,0,0,0,0,0,0,0,0,0,0,0,0,0,0,0,0
100,a100,0,0,0,0,0,0,0,0,0,0,0,0,0,0,0,0,0,0,0,0,0
99,a99,0,0,0,0,0,0,0,0,0,0,0,0,0,0,0,0,0,0,0,0,0
98,a98,0,0,0,0,0,0,0,0,0,0,0,0,0,0,0,0,0,0,0,0,0
97,a97,0,0,0,0,0,0,0,0,0,0,0,0,0,0,0,0,0,0,0,0,0
96,a96,0,0,0,0,0,0,0,0,0,0,0,0,0,0,0,0,0,0,0,0,0
95,a95,0,0,0,0,0,0,0,0,0,0,0,0,0,0,0,0,0,0,0,0,0
94,a94,0,0,0,0,0,0,0,0,0,0,0,0,0,0,0,0,0,0,0,0,0
93,a93,0,0,0,0,0,0,0,0,0,0,0,0,0,0,0,0,0,0,0,0,0
92,a92,0,0,0,0,0,0,0,0,0,0,0,0,0,0,0,0,0,0,0,0,0
91,a91,0,0,0,0,0,0,0,0,0,0,0,0,0,0,0,0,0,0,0,0,0
89,a89,0,0,0,0,0,0,0,0,0,0,0,0,0,0,0,0,0,0,0,0,0
103,a103,0,0,0,0,0,0,0,0,0,0,0,0,0,0,0,0,0,0,0,0,0
87,a87,0,0,0,0,0,0,0,0,0,0,0,0,0,0,0,0,0,0,0,0,0
86,a86,0,0,0,0,0,0,0,0,0,0,0,0,0,0,0,0,0,0,0,0,0
85,a85,0,0,0,0,0,0,0,0,0,0,0,0,0,0,0,0,0,0,0,0,0
84,a84,0,0,0,0,0,0,0,0,0,0,0,0,0,0,0,0,0,0,0,0,0
83,a83,0,0,0,0,0,0,0,0,0,0,0,0,0,0,0,0,0,0,0,0,0
82,a82,0,0,0,0,0,0,0,0,0,0,0,0,0,0,0,0,0,0,0,0,0
81,a81,0,0,0,0,0,0,0,0,0,0,0,0,0,0,0,0,0,0,0,0,0
80,a80,0,0,0,0,0,0,0,0,0,0,0,0,0,0,0,0,0,0,0,0,0
79,a79,0,0,0,0,0,0,0,0,0,0,0,0,0,0,0,0,0,0,0,0,0
78,a78,0,0,0,0,0,0,0,0,0,0,0,0,0,0,0,0,0,0,0,0,0
77,a77,0,0,0,0,0,0,0,0,0,0,0,0,0,0,0,0,0,0,0,0,0
102,a102,0,0,0,0,0,0,0,0,0,0,0,0,0,0,0,0,0,0,0,0,0
104,a104,0,0,0,0,0,0,0,0,0,0,0,0,0,0,0,0,0,0,0,0,0
151,a151,0,0,0,0,0,0,0,0,0,0,0,0,0,0,0,0,0,0,0,0,0
138,a138,0,0,0,0,0,0,0,0,0,0,0,0,0,0,0,0,0,0,0,0,0
149,a149,0,0,0,0,0,0,0,0,0,0,0,0,0,0,0,0,0,0,0,0,0
148,a148,0,0,0,0,0,0,0,0,0,0,0,0,0,0,0,0,0,0,0,0,0
147,a147,0,0,0,0,0,0,0,0,0,0,0,0,0,0,0,0,0,0,0,0,0
146,a146,0,0,0,0,0,0,0,0,0,0,0,0,0,0,0,0,0,0,0,0,0
145,a145,0,0,0,0,0,0,0,0,0,0,0,0,0,0,0,0,0,0,0,0,0
144,a144,0,0,0,0,0,0,0,0,0,0,0,0,0,0,0,0,0,0,0,0,0
143,a143,0,0,0,0,0,0,0,0,0,0,0,0,0,0,0,0,0,0,0,0,0
142,a142,0,0,0,0,0,0,0,0,0,0,0,0,0,0,0,0,0,0,0,0,0
141,a141,0,0,0,0,0,0,0,0,0,0,0,0,0,0,0,0,0,0,0,0,0
140,a140,0,0,0,0,0,0,0,0,0,0,0,0,0,0,0,0,0,0,0,0,0
139,a139,0,0,0,0,0,0,0,0,0,0,0,0,0,0,0,0,0,0,0,0,0
137,a137,0,0,0,0,0,0,0,0,0,0,0,0,0,0,0,0,0,0,0,0,0
107,a107,0,0,0,0,0,0,0,0,0,0,0,0,0,0,0,0,0,0,0,0,0
136,a136,0,0,0,0,0,0,0,0,0,0,0,0,0,0,0,0,0,0,0,0,0
135,a135,0,0,0,0,0,0,0,0,0,0,0,0,0,0,0,0,0,0,0,0,0
134,a134,0,0,0,0,0,0,0,0,0,0,0,0,0,0,0,0,0,0,0,0,0
133,a133,0,0,0,0,0,0,0,0,0,0,0,0,0,0,0,0,0,0,0,0,0
132,a132,0,0,0,0,0,0,0,0,0,0,0,0,0,0,0,0,0,0,0,0,0
130,a130,0,0,0,0,0,0,0,0,0,0,0,0,0,0,0,0,0,0,0,0,0
129,a129,0,0,0,0,0,0,0,0,0,0,0,0,0,0,0,0,0,0,0,0,0
128,a128,0,0,0,0,0,0,0,0,0,0,0,0,0,0,0,0,0,0,0,0,0
126,a126,0,0,0,0,0,0,0,0,0,0,0,0,0,0,0,0,0,0,0,0,0
123,a123,0,0,0,0,0,0,0,0,0,0,0,0,0,0,0,0,0,0,0,0,0
110,a110,0,0,0,0,0,0,0,0,0,0,0,0,0,0,0,0,0,0,0,0,0
75,a75,0,0,0,0,0,0,0,0,0,0,0,0,0,0,0,0,0,0,0,0,0
74,a74,0,0,0,0,0,0,0,0,0,0,0,0,0,0,0,0,0,0,0,0,0
73,a73,0,0,0,0,0,0,0,0,0,0,0,0,0,0,0,0,0,0,0,0,0
14,a14,0,0,0,0,0,0,0,0,0,0,0,0,0,0,0,0,0,0,0,0,0
26,a26,0,0,0,0,0,0,0,0,0,0,0,0,0,0,0,0,0,0,0,0,0
25,a25,0,0,0,0,0,0,0,0,0,0,0,0,0,0,0,0,0,0,0,0,0
24,a24,0,0,0,0,0,0,0,0,0,0,0,0,0,0,0,0,0,0,0,0,0
22,a22,0,0,0,0,0,0,0,0,0,0,0,0,0,0,0,0,0,0,0,0,0
21,a21,0,0,0,0,0,0,0,0,0,0,0,0,0,0,0,0,0,0,0,0,0
20,a20,0,0,0,0,0,0,0,0,0,0,0,0,0,0,0,0,0,0,0,0,0
19,a19,0,0,0,0,0,0,0,0,0,0,0,0,0,0,0,0,0,0,0,0,0
18,a18,0,0,0,0,0,0,0,0,0,0,0,0,0,0,0,0,0,0,0,0,0
17,a17,0,0,0,0,0,0,0,0,0,0,0,0,0,0,0,0,0,0,0,0,0
16,a16,0,0,0,0,0,0,0,0,0,0,0,0,0,0,0,0,0,0,0,0,0
15,a15,0,0,0,0,0,0,0,0,0,0,0,0,0,0,0,0,0,0,0,0,0
13,a13,0,0,0,0,0,0,0,0,0,0,0,0,0,0,0,0,0,0,0,0,0
72,a72,0,0,0,0,0,0,0,0,0,0,0,0,0,0,0,0,0,0,0,0,0
12,a12,0,0,0,0,0,0,0,0,0,0,0,0,0,0,0,0,0,0,0,0,0
11,a11,0,0,0,0,0,0,0,0,0,0,0,0,0,0,0,0,0,0,0,0,0
10,a10,0,0,0,0,0,0,0,0,0,0,0,0,0,0,0,0,0,0,0,0,0
9,a9,0,0,0,0,0,0,0,0,0,0,0,0,0,0,0,0,0,0,0,0,0
8,a8,0,0,0,0,0,0,0,0,0,0,0,0,0,0,0,0,0,0,0,0,0
7,a7,0,0,0,0,0,0,0,0,0,0,0,0,0,0,0,0,0,0,0,0,0
6,a6,0,0,0,0,0,0,0,0,0,0,0,0,0,0,0,0,0,0,0,0,0
5,a5,0,0,0,0,0,0,0,0,0,0,0,0,0,0,0,0,0,0,0,0,0
4,a4,0,0,0,0,0,0,0,0,0,0,0,0,0,0,0,0,0,0,0,0,0
3,a3,0,0,0,0,0,0,0,0,0,0,0,0,0,0,0,0,0,0,0,0,0
2,a2,0,0,0,0,0,0,0,0,0,0,0,0,0,0,0,0,0,0,0,0,0
29,a29,0,0,0,0,0,0,0,0,0,0,0,0,0,0,0,0,0,0,0,0,0
30,a30,0,0,0,0,0,0,0,0,0,0,0,0,0,0,0,0,0,0,0,0,0
33,a33,0,0,0,0,0,0,0,0,0,0,0,0,0,0,0,0,0,0,0,0,0
34,a34,0,0,0,0,0,0,0,0,0,0,0,0,0,0,0,0,0,0,0,0,0
71,a71,0,0,0,0,0,0,0,0,0,0,0,0,0,0,0,0,0,0,0,0,0
69,a69,0,0,0,0,0,0,0,0,0,0,0,0,0,0,0,0,0,0,0,0,0
68,a68,0,0,0,0,0,0,0,0,0,0,0,0,0,0,0,0,0,0,0,0,0
66,a66,0,0,0,0,0,0,0,0,0,0,0,0,0,0,0,0,0,0,0,0,0
65,a65,0,0,0,0,0,0,0,0,0,0,0,0,0,0,0,0,0,0,0,0,0
64,a64,0,0,0,0,0,0,0,0,0,0,0,0,0,0,0,0,0,0,0,0,0
63,a63,0,0,0,0,0,0,0,0,0,0,0,0,0,0,0,0,0,0,0,0,0
62,a62,0,0,0,0,0,0,0,0,0,0,0,0,0,0,0,0,0,0,0,0,0
61,a61,0,0,0,0,0,0,0,0,0,0,0,0,0,0,0,0,0,0,0,0,0
60,a60,0,0,0,0,0,0,0,0,0,0,0,0,0,0,0,0,0,0,0,0,0
59,a59,0,0,0,0,0,0,0,0,0,0,0,0,0,0,0,0,0,0,0,0,0
56,a56,0,0,0,0,0,0,0,0,0,0,0,0,0,0,0,0,0,0,0,0,0
53,a53,0,0,0,0,0,0,0,0,0,0,0,0,0,0,0,0,0,0,0,0,0
52,a52,0,0,0,0,0,0,0,0,0,0,0,0,0,0,0,0,0,0,0,0,0
51,a51,0,0,0,0,0,0,0,0,0,0,0,0,0,0,0,0,0,0,0,0,0
47,a47,0,0,0,0,0,0,0,0,0,0,0,0,0,0,0,0,0,0,0,0,0
46,a46,0,0,0,0,0,0,0,0,0,0,0,0,0,0,0,0,0,0,0,0,0
44,a44,0,0,0,0,0,0,0,0,0,0,0,0,0,0,0,0,0,0,0,0,0
42,a42,0,0,0,0,0,0,0,0,0,0,0,0,0,0,0,0,0,0,0,0,0
41,a41,0,0,0,0,0,0,0,0,0,0,0,0,0,0,0,0,0,0,0,0,0
40,a40,0,0,0,0,0,0,0,0,0,0,0,0,0,0,0,0,0,0,0,0,0
39,a39,0,0,0,0,0,0,0,0,0,0,0,0,0,0,0,0,0,0,0,0,0
36,a36,0,0,0,0,0,0,0,0,0,0,0,0,0,0,0,0,0,0,0,0,0
150,a150,0,0,0,0,0,0,0,0,0,0,0,0,0,0,0,0,0,0,0,0,0
152,a152,0,0,0,0,0,0,0,0,0,0,0,0,0,0,0,0,0,0,0,0,0
325,b50,0,0,0,0,0,0,0,0,0,0,0,0,0,0,0,0,0,0,0,0,0
249,a249,0,0,0,0,0,0,0,0,0,0,0,0,0,0,0,0,0,0,0,0,0
278,b3,0,0,0,0,0,0,0,0,0,0,0,0,0,0,0,0,0,0,0,0,0
277,b2,0,0,0,0,0,0,0,0,0,0,0,0,0,0,0,0,0,0,0,0,0
276,b1,0,0,0,0,0,0,0,0,0,0,0,0,0,0,0,0,0,0,0,0,0
275,a275,0,0,0,0,0,0,0,0,0,0,0,0,0,0,0,0,0,0,0,0,0
1,a1,0,0,0,0,0,0,0,0,0,0,0,0,0,0,0,0,0,0,0,0,0
273,a273,0,0,0,0,0,0,0,0,0,0,0,0,0,0,0,0,0,0,0,0,0
272,a272,0,0,0,0,0,0,0,0,0,0,0,0,0,0,0,0,0,0,0,0,0
271,a271,0,0,0,0,0,0,0,0,0,0,0,0,0,0,0,0,0,0,0,0,0
270,a270,0,0,0,0,0,0,0,0,0,0,0,0,0,0,0,0,0,0,0,0,0
269,a269,0,0,0,0,0,0,0,0,0,0,0,0,0,0,0,0,0,0,0,0,0
267,a267,0,0,0,0,0,0,0,0,0,0,0,0,0,0,0,0,0,0,0,0,0
248,a248,0,0,0,0,0,0,0,0,0,0,0,0,0,0,0,0,0,0,0,0,0
280,b5,0,0,0,0,0,0,0,0,0,0,0,0,0,0,0,0,0,0,0,0,0
247,a247,0,0,0,0,0,0,0,0,0,0,0,0,0,0,0,0,0,0,0,0,0
246,a246,0,0,0,0,0,0,0,0,0,0,0,0,0,0,0,0,0,0,0,0,0
244,a244,0,0,0,0,0,0,0,0,0,0,0,0,0,0,0,0,0,0,0,0,0
243,a243,0,0,0,0,0,0,0,0,0,0,0,0,0,0,0,0,0,0,0,0,0
241,a241,0,0,0,0,0,0,0,0,0,0,0,0,0,0,0,0,0,0,0,0,0
240,a240,0,0,0,0,0,0,0,0,0,0,0,0,0,0,0,0,0,0,0,0,0
238,a238,0,0,0,0,0,0,0,0,0,0,0,0,0,0,0,0,0,0,0,0,0
235,a235,0,0,0,0,0,0,0,0,0,0,0,0,0,0,0,0,0,0,0,0,0
226,a226,0,0,0,0,0,0,0,0,0,0,0,0,0,0,0,0,0,0,0,0,0
225,a225,0,0,0,0,0,0,0,0,0,0,0,0,0,0,0,0,0,0,0,0,0
224,a224,0,0,0,0,0,0,0,0,0,0,0,0,0,0,0,0,0,0,0,0,0
279,b4,0,0,0,0,0,0,0,0,0,0,0,0,0,0,0,0,0,0,0,0,0
281,b6,0,0,0,0,0,0,0,0,0,0,0,0,0,0,0,0,0,0,0,0,0
153,a153,0,0,0,0,0,0,0,0,0,0,0,0,0,0,0,0,0,0,0,0,0
306,b31,0,0,0,0,0,0,0,0,0,0,0,0,0,0,0,0,0,0,0,0,0
324,b49,0,0,0,0,0,0,0,0,0,0,0,0,0,0,0,0,0,0,0,0,0
323,b48,0,0,0,0,0,0,0,0,0,0,0,0,0,0,0,0,0,0,0,0,0
322,b47,0,0,0,0,0,0,0,0,0,0,0,0,0,0,0,0,0,0,0,0,0
321,b46,0,0,0,0,0,0,0,0,0,0,0,0,0,0,0,0,0,0,0,0,0
320,b45,0,0,0,0,0,0,0,0,0,0,0,0,0,0,0,0,0,0,0,0,0
319,b44,0,0,0,0,0,0,0,0,0,0,0,0,0,0,0,0,0,0,0,0,0
318,b43,0,0,0,0,0,0,0,0,0,0,0,0,0,0,0,0,0,0,0,0,0
317,b42,0,0,0,0,0,0,0,0,0,0,0,0,0,0,0,0,0,0,0,0,0
313,b38,0,0,0,0,0,0,0,0,0,0,0,0,0,0,0,0,0,0,0,0,0
312,b37,0,0,0,0,0,0,0,0,0,0,0,0,0,0,0,0,0,0,0,0,0
307,b32,0,0,0,0,0,0,0,0,0,0,0,0,0,0,0,0,0,0,0,0,0
304,b29,0,0,0,0,0,0,0,0,0,0,0,0,0,0,0,0,0,0,0,0,0
282,b7,0,0,0,0,0,0,0,0,0,0,0,0,0,0,0,0,0,0,0,0,0
303,b28,0,0,0,0,0,0,0,0,0,0,0,0,0,0,0,0,0,0,0,0,0
300,b25,0,0,0,0,0,0,0,0,0,0,0,0,0,0,0,0,0,0,0,0,0
294,b19,0,0,0,0,0,0,0,0,0,0,0,0,0,0,0,0,0,0,0,0,0
293,b18,0,0,0,0,0,0,0,0,0,0,0,0,0,0,0,0,0,0,0,0,0
291,b16,0,0,0,0,0,0,0,0,0,0,0,0,0,0,0,0,0,0,0,0,0
289,b14,0,0,0,0,0,0,0,0,0,0,0,0,0,0,0,0,0,0,0,0,0
288,b13,0,0,0,0,0,0,0,0,0,0,0,0,0,0,0,0,0,0,0,0,0
286,b11,0,0,0,0,0,0,0,0,0,0,0,0,0,0,0,0,0,0,0,0,0
285,b10,0,0,0,0,0,0,0,0,0,0,0,0,0,0,0,0,0,0,0,0,0
284,b9,0,0,0,0,0,0,0,0,0,0,0,0,0,0,0,0,0,0,0,0,0
283,b8,0,0,0,0,0,0,0,0,0,0,0,0,0,0,0,0,0,0,0,0,0
223,a223,0,0,0,0,0,0,0,0,0,0,0,0,0,0,0,0,0,0,0,0,0
222,a222,0,0,0,0,0,0,0,0,0,0,0,0,0,0,0,0,0,0,0,0,0
221,a221,0,0,0,0,0,0,0,0,0,0,0,0,0,0,0,0,0,0,0,0,0
176,a176,0,0,0,0,0,0,0,0,0,0,0,0,0,0,0,0,0,0,0,0,0
189,a189,0,0,0,0,0,0,0,0,0,0,0,0,0,0,0,0,0,0,0,0,0
188,a188,0,0,0,0,0,0,0,0,0,0,0,0,0,0,0,0,0,0,0,0,0
187,a187,0,0,0,0,0,0,0,0,0,0,0,0,0,0,0,0,0,0,0,0,0
186,a186,0,0,0,0,0,0,0,0,0,0,0,0,0,0,0,0,0,0,0,0,0
185,a185,0,0,0,0,0,0,0,0,0,0,0,0,0,0,0,0,0,0,0,0,0
183,a183,0,0,0,0,0,0,0,0,0,0,0,0,0,0,0,0,0,0,0,0,0
182,a182,0,0,0,0,0,0,0,0,0,0,0,0,0,0,0,0,0,0,0,0,0
181,a181,0,0,0,0,0,0,0,0,0,0,0,0,0,0,0,0,0,0,0,0,0
180,a180,0,0,0,0,0,0,0,0,0,0,0,0,0,0,0,0,0,0,0,0,0
179,a179,0,0,0,0,0,0,0,0,0,0,0,0,0,0,0,0,0,0,0,0,0
177,a177,0,0,0,0,0,0,0,0,0,0,0,0,0,0,0,0,0,0,0,0,0
175,a175,0,0,0,0,0,0,0,0,0,0,0,0,0,0,0,0,0,0,0,0,0
220,a220,0,0,0,0,0,0,0,0,0,0,0,0,0,0,0,0,0,0,0,0,0
174,a174,0,0,0,0,0,0,0,0,0,0,0,0,0,0,0,0,0,0,0,0,0
173,a173,0,0,0,0,0,0,0,0,0,0,0,0,0,0,0,0,0,0,0,0,0
172,a172,0,0,0,0,0,0,0,0,0,0,0,0,0,0,0,0,0,0,0,0,0
171,a171,0,0,0,0,0,0,0,0,0,0,0,0,0,0,0,0,0,0,0,0,0
166,a166,0,0,0,0,0,0,0,0,0,0,0,0,0,0,0,0,0,0,0,0,0
163,a163,0,0,0,0,0,0,0,0,0,0,0,0,0,0,0,0,0,0,0,0,0
162,a162,0,0,0,0,0,0,0,0,0,0,0,0,0,0,0,0,0,0,0,0,0
159,a159,0,0,0,0,0,0,0,0,0,0,0,0,0,0,0,0,0,0,0,0,0
158,a158,0,0,0,0,0,0,0,0,0,0,0,0,0,0,0,0,0,0,0,0,0
156,a156,0,0,0,0,0,0,0,0,0,0,0,0,0,0,0,0,0,0,0,0,0
154,a154,0,0,0,0,0,0,0,0,0,0,0,0,0,0,0,0,0,0,0,0,0
190,a190,0,0,0,0,0,0,0,0,0,0,0,0,0,0,0,0,0,0,0,0,0
191,a191,0,0,0,0,0,0,0,0,0,0,0,0,0,0,0,0,0,0,0,0,0
192,a192,0,0,0,0,0,0,0,0,0,0,0,0,0,0,0,0,0,0,0,0,0
193,a193,0,0,0,0,0,0,0,0,0,0,0,0,0,0,0,0,0,0,0,0,0
219,a219,0,0,0,0,0,0,0,0,0,0,0,0,0,0,0,0,0,0,0,0,0
218,a218,0,0,0,0,0,0,0,0,0,0,0,0,0,0,0,0,0,0,0,0,0
217,a217,0,0,0,0,0,0,0,0,0,0,0,0,0,0,0,0,0,0,0,0,0
215,a215,0,0,0,0,0,0,0,0,0,0,0,0,0,0,0,0,0,0,0,0,0
214,a214,0,0,0,0,0,0,0,0,0,0,0,0,0,0,0,0,0,0,0,0,0
213,a213,0,0,0,0,0,0,0,0,0,0,0,0,0,0,0,0,0,0,0,0,0
212,a212,0,0,0,0,0,0,0,0,0,0,0,0,0,0,0,0,0,0,0,0,0
211,a211,0,0,0,0,0,0,0,0,0,0,0,0,0,0,0,0,0,0,0,0,0
210,a210,0,0,0,0,0,0,0,0,0,0,0,0,0,0,0,0,0,0,0,0,0
209,a209,0,0,0,0,0,0,0,0,0,0,0,0,0,0,0,0,0,0,0,0,0
207,a207,0,0,0,0,0,0,0,0,0,0,0,0,0,0,0,0,0,0,0,0,0
206,a206,0,0,0,0,0,0,0,0,0,0,0,0,0,0,0,0,0,0,0,0,0
205,a205,0,0,0,0,0,0,0,0,0,0,0,0,0,0,0,0,0,0,0,0,0
204,a204,0,0,0,0,0,0,0,0,0,0,0,0,0,0,0,0,0,0,0,0,0
203,a203,0,0,0,0,0,0,0,0,0,0,0,0,0,0,0,0,0,0,0,0,0
202,a202,0,0,0,0,0,0,0,0,0,0,0,0,0,0,0,0,0,0,0,0,0
201,a201,0,0,0,0,0,0,0,0,0,0,0,0,0,0,0,0,0,0,0,0,0
200,a200,0,0,0,0,0,0,0,0,0,0,0,0,0,0,0,0,0,0,0,0,0
199,a199,0,0,0,0,0,0,0,0,0,0,0,0,0,0,0,0,0,0,0,0,0
198,a198,0,0,0,0,0,0,0,0,0,0,0,0,0,0,0,0,0,0,0,0,0
196,a196,0,0,0,0,0,0,0,0,0,0,0,0,0,0,0,0,0,0,0,0,0
195,a195,0,0,0,0,0,0,0,0,0,0,0,0,0,0,0,0,0,0,0,0,0
194,a194,0,0,0,0,0,0,0,0,0,0,0,0,0,0,0,0,0,0,0,0,0
548,b273,0,0,0,0,0,0,0,0,0,0,0,0,0,0,0,0,0,0,0,0,0
